Authors,Title,Year,Source,ArticleURL,DOI,Cites,capture.READER_COUNT_plumx,citation.Scopus_plumx,citation.CrossRef_plumx,citation.Academic Citation Index (ACI) - airiti_plumx,citation.PubMed_plumx,mention.ABSTRACT_VIEWS_plumx,mention.DOWNLOAD_COUNT_plumx,mention.FULL_TEXT_VIEWS_plumx,capture.EXPORTS_SAVES_plumx,readers.citeulike_altmetrics,readers.mendeley_altmetrics,readers.connotea_altmetrics,readers_count_altmetrics,cited_by_posts_count_altmetrics,cited_by_accounts_count_altmetrics,cited_by_tweeters_count_altmetrics,mention.FACEBOOK_COUNT_plumx,cited_by_fbwalls_count_altmetrics,cited_by_videos_count_altmetrics,cited_by_feeds_count_altmetrics,cited_by_linkedin_count_altmetrics,cited_by_weibo_count_altmetrics,cited_by_msm_count_altmetrics,mention.NEWS_COUNT_plumx,cited_by_patents_count_altmetrics,citation.Patent Families_plumx,citation.Policy Citation_plumx,cited_by_policies_count_altmetrics,impact_factor,cited_by_wikipedia_count_altmetrics,Bibliometrics_avg,Social Media_avg,News Media_avg,Patents_avg,Policies_avg,Journal Impact Factor_avg,Misc._avg,Bibliometrics_pct,Social Media_pct,News Media_pct,Patents_pct,Policies_pct,Journal Impact Factor_pct,Misc._pct,composite_score,composite_index_pct
"Mark S. Slaughter, Joseph G. Rogers, Carmelo A. Milano, Stuart D. Russell, John V. Conte, David Feldman, Benjamin Sun, Antone J. Tatooles, Reynolds M. Delgado, James W. Long, Thomas C. Wozniak, Waqas Ghumman, David J. Farrar, O. Howard Frazier",Advanced Heart Failure Treated with Continuous-Flow Left Ventricular Assist Device,2009,New England Journal of Medicine,http://dx.doi.org/10.1056/nejmoa0909938,10.1056/nejmoa0909938,0.99964,0.99708,0.99964,0.99944,0.98668,0.99968,0.47692,0.48884,0.4994,0.4999,0.99856,0.9976,0.99974,0.99768,0.96706,0.96384,0.869,0.46874,0.96376,0.99648,0.99364,0.49996,0.5,0.98792,0.99424,0.99414,0.48984,0.99648,0.99824,0.99464,0.97632,0.8416276923076923,0.74748,0.99108,0.74199,0.99736,0.99464,0.9888133333333333,1.0,0.97176,0.99418,0.97738,0.99896,0.99464,0.99944,0.993932,1.0
"Marina Konopleva, Daniel A. Pollyea, Jalaja Potluri, Brenda Chyla, Leah Hogdal, Todd Busman, Evelyn McKeegan, Ahmed Hamed Salem, Ming Zhu, Justin L. Ricker, William Blum, Courtney D. DiNardo, Tapan Kadia, Martin Dunbar, Rachel Kirby, Nancy Falotico, Joel Leverson, Rod Humerickhouse, Mack Mabry, Richard Stone, Hagop Kantarjian, Anthony Letai",Efficacy and Biological Correlates of Response in a Phase II Study of Venetoclax Monotherapy in Patients with Acute Myelogenous Leukemia,2016,Cancer Discovery,http://dx.doi.org/10.1158/2159-8290.cd-16-0313,10.1158/2159-8290.cd-16-0313,0.99916,0.9966,0.99908,0.9986,0.99382,0.99984,0.47692,0.48884,0.4994,0.4999,0.99434,0.99694,0.49746,0.99696,0.9869,0.98726,0.96692,0.46874,0.98852,0.49776,0.98024,0.49996,0.5,0.99384,0.97812,0.99854,1.0,0.952,0.99104,0.98212,0.484,0.802976923076923,0.7711857142857143,0.98598,0.99927,0.9715199999999999,0.98212,0.654,0.99968,0.98456,0.99268,0.99984,0.9837,0.98212,0.95954,0.993001,0.99996
"Eli J. Finkel, Paul W. Eastwick, Benjamin R. Karney, Harry T. Reis, Susan Sprecher",Online Dating,2012,Psychological Science in the Public Interest,http://dx.doi.org/10.1177/1529100612436522,10.1177/1529100612436522,0.99448,0.99892,0.99392,0.99568,0.98894,0.97188,0.47692,0.48884,0.4994,0.4999,0.98806,0.99904,0.49746,0.88432,0.99042,0.9892,0.9753,0.46874,0.99468,0.49776,0.9944,0.49996,0.5,0.99608,0.9952,0.94494,0.99194,0.97592,0.98358,0.9369,0.9976,0.7910215384615386,0.774042857142857,0.99564,0.96844,0.97975,0.9369,0.82992,0.9988,0.98636,0.99632,0.98472,0.9885,0.9369,0.99892,0.991781,0.99992
"Sheneve Z. Butler, Shawna M. Hollen, Linyou Cao, Yi Cui, Jay A. Gupta, Humberto R. Gutiérrez, Tony F. Heinz, Seung Sae Hong, Jiaxing Huang, Ariel F. Ismach, Ezekiel Johnston-Halperin, Masaru Kuno, Vladimir V. Plashnitsa, Richard D. Robinson, Rodney S. Ruoff, Sayeef Salahuddin, Jie Shan, Li Shi, Michael G. Spencer, Mauricio Terrones, Wolfgang Windl, Joshua E. Goldberger","Progress, Challenges, and Opportunities in Two-Dimensional Materials Beyond Graphene",2013,ACS Nano,http://dx.doi.org/10.1021/nn400280c,10.1021/nn400280c,0.99984,0.99984,0.99984,0.99984,0.49048,0.99948,0.99092,0.48884,0.4994,0.4999,0.997,0.99988,0.49746,0.99988,0.97924,0.98126,0.94302,0.99844,0.96734,0.49776,0.98564,0.49996,0.5,0.96542,0.95248,0.99916,0.99946,0.96554,0.48278,0.9334,0.99414,0.8048276923076922,0.8384657142857143,0.95895,0.99931,0.7241599999999999,0.9334,0.8258466666666667,0.99984,0.99668,0.9765,0.99988,0.95266,0.9334,0.99788,0.9890559999999999,0.99988
"Michael J. Saks, Jonathan J. Koehler",The Coming Paradigm Shift in Forensic Identification Science,2005,Science,http://dx.doi.org/10.1126/science.1111565,10.1126/science.1111565,0.98672,0.97148,0.98972,0.98988,0.9958,0.9272,0.47692,0.48884,0.4994,0.4999,0.99928,0.97692,0.49746,0.97764,0.92956,0.934,0.90454,0.95764,0.481,0.49776,0.96812,0.49996,0.5,0.98664,0.96928,0.933,0.48984,0.97096,0.9732,0.96242,0.9725,0.7915723076923076,0.7438142857142857,0.9779599999999999,0.71142,0.97208,0.96242,0.8127933333333334,0.99892,0.96872,0.98836,0.93106,0.98396,0.96242,0.9934,0.9844610000000001,0.99984
"Cédric Feschotte, Ellen J. Pritham",DNA Transposons and the Evolution of Eukaryotic Genomes,2007,Annual Review of Genetics,http://dx.doi.org/10.1146/annurev.genet.40.110405.090448,10.1146/annurev.genet.40.110405.090448,0.99696,0.998,0.99646,0.9968,0.49048,0.99944,0.47692,0.48884,0.4994,0.4999,0.9998,0.99824,0.49746,0.99832,0.96528,0.96888,0.88358,0.95062,0.481,0.49776,0.98826,0.49996,0.5,0.96838,0.97134,0.9982,0.48984,0.96456,0.99516,0.81904,0.98972,0.76462,0.749902857142857,0.9698599999999999,0.74402,0.97986,0.81904,0.8252466666666667,0.99692,0.9726,0.98284,0.97956,0.98864,0.81904,0.9976,0.9816560000000001,0.9998
"Milind Javle, Tanios Bekaii‐Saab, Apurva Jain, Ying Wang, Robin Katie Kelley, Kai Wang, Hyunseon C. Kang, Daniel Catenacci, Siraj Ali, Sunil Krishnan, Daniel Ahn, Andrea Grace Bocobo, Mingxin Zuo, Ahmed Kaseb, Vincent Miller, Philip J. Stephens, Funda Meric‐Bernstam, Rachna Shroff, Jeffrey Ross",Biliary cancer: Utility of next‐generation sequencing for clinical management,2016,Cancer,http://dx.doi.org/10.1002/cncr.30254,10.1002/cncr.30254,0.99456,0.96124,0.99428,0.9948,0.49048,0.99904,0.47692,0.48884,0.4994,0.4999,0.48702,0.96996,0.49746,0.96996,0.99678,0.9938,0.956,0.46874,0.97554,0.49776,0.98024,0.49996,0.5,0.99892,0.99956,0.99444,0.99528,0.952,0.99104,0.87602,0.484,0.7176384615384616,0.7701171428571428,0.99924,0.9948600000000001,0.9715199999999999,0.87602,0.654,0.98188,0.984,0.99928,0.99816,0.9837,0.87602,0.95954,0.979232,0.99976
"Jill S. Barnholtz-Sloan, Andrew E. Sloan, Faith G. Davis, Fawn D. Vigneau, Ping Lai, Raymond E. Sawaya",Incidence Proportions of Brain Metastases in Patients Diagnosed (1973 to 2001) in the Metropolitan Detroit Cancer Surveillance System,2004,Journal of Clinical Oncology,http://dx.doi.org/10.1200/jco.2004.12.149,10.1200/jco.2004.12.149,0.99768,0.98996,0.99772,0.99748,0.49048,0.99956,0.47692,0.48884,0.4994,0.4999,0.97824,0.99156,0.49746,0.99156,0.97902,0.96912,0.79342,0.46874,0.481,0.49776,0.96772,0.49996,0.5,0.99532,0.99828,0.9837,0.48984,0.98102,0.48278,0.95602,0.98278,0.7614676923076923,0.67018,0.9967999999999999,0.73677,0.7319,0.95602,0.8160866666666666,0.996,0.8856,0.9972,0.97142,0.964,0.95602,0.99412,0.9773290000000001,0.99972
"James W. Pennebaker, Matthias R. Mehl, Kate G. Niederhoffer","Psychological Aspects of Natural Language Use: Our Words, Our Selves",2003,Annual Review of Psychology,http://dx.doi.org/10.1146/annurev.psych.54.101601.145041,10.1146/annurev.psych.54.101601.145041,0.99832,0.99836,0.9986,0.99868,0.99908,0.99708,0.47692,0.48884,0.4994,0.4999,0.99716,0.99852,0.49746,0.99856,0.92762,0.9327,0.39468,0.46874,0.96252,0.99584,0.98244,0.49996,0.5,0.98836,0.9771,0.96168,0.48984,0.97428,0.97058,0.9174,0.484,0.8037353846153845,0.6694599999999999,0.98273,0.72576,0.97243,0.9174,0.8207599999999999,0.99972,0.88504,0.9912,0.95418,0.98434,0.9174,0.996,0.9770059999999999,0.99968
"Yoshikazu Honda-Okubo, Dale Barnard, Chun Hao Ong, Bi-Hung Peng, Chien-Te Kent Tseng, Nikolai Petrovsky",Severe Acute Respiratory Syndrome-Associated Coronavirus Vaccines Formulated with Delta Inulin Adjuvants Provide Enhanced Protection while Ameliorating Lung Eosinophilic Immunopathology,2015,Journal of Virology,http://dx.doi.org/10.1128/jvi.02980-14,10.1128/jvi.02980-14,0.98668,0.97474,0.98224,0.98182,0.49048,0.99774,0.47692,0.48884,0.4994,0.4999,0.48702,0.97936,0.49746,0.97922,0.96792,0.97,0.95238,0.96922,0.481,0.49776,0.9919,0.49996,0.5,0.96768,0.9703,0.99312,0.48984,0.99252,0.48278,0.79894,0.99808,0.7180876923076922,0.7629257142857142,0.96899,0.74148,0.7376499999999999,0.79894,0.8292466666666667,0.98226,0.97992,0.98174,0.97672,0.97058,0.79894,0.99876,0.971911,0.99964
"Ian M. Thompson, Catherine M. Tangen, Jorge Paradelo, M. Scott Lucia, Gary Miller, Dean Troyer, Edward Messing, Jeffrey Forman, Joseph Chin, Gregory Swanson, Edith Canby-Hagino, E. David Crawford",Adjuvant Radiotherapy for Pathological T3N0M0 Prostate Cancer Significantly Reduces Risk of Metastases and Improves Survival: Long-Term Followup of a Randomized Clinical Trial,2009,Journal of Urology,http://dx.doi.org/10.1016/j.juro.2008.11.032,10.1016/j.juro.2008.11.032,0.99776,0.98608,0.998,0.99808,0.49048,0.9992,0.47692,0.48884,0.4994,0.4999,0.48702,0.988,0.49746,0.988,0.92418,0.92448,0.90794,0.961,0.481,0.49776,0.97128,0.49996,0.5,0.96222,0.94842,0.93998,0.48984,0.9892,0.9918,0.77924,0.97632,0.7228753846153846,0.7426514285714285,0.95532,0.71491,0.9904999999999999,0.77924,0.81512,0.985,0.96788,0.97496,0.93686,0.99464,0.77924,0.99374,0.9685830000000002,0.9996
"Kevin D. Tipton, Blake B. Rasmussen, Sharon L. Miller, Steven E. Wolf, Sharla K. Owens-Stovall, Bart E. Petrini, Robert R. Wolfe",Timing of amino acid-carbohydrate ingestion alters anabolic response of muscle to resistance exercise,2001,American Journal of Physiology-Endocrinology and Metabolism,http://dx.doi.org/10.1152/ajpendo.2001.281.2.e197,10.1152/ajpendo.2001.281.2.e197,0.97448,0.97392,0.98192,0.97164,0.98182,0.98076,0.47692,0.48884,0.4994,0.4999,0.48702,0.97892,0.9953,0.97892,0.99352,0.99158,0.9896,0.97992,0.9968,0.99996,0.98112,0.49996,0.5,0.98628,0.96558,0.92326,0.48984,0.90942,0.96754,0.59692,0.484,0.7919446153846154,0.8501971428571429,0.97593,0.70655,0.93848,0.59692,0.8216933333333333,0.999,0.999,0.9874,0.92222,0.97424,0.59692,0.9964,0.9674520000000002,0.99956
"Yu-Sheng Cong, Woodring E. Wright, Jerry W. Shay",Human Telomerase and Its Regulation,2002,Microbiology and Molecular Biology Reviews,http://dx.doi.org/10.1128/mmbr.66.3.407-425.2002,10.1128/mmbr.66.3.407-425.2002,0.99248,0.99024,0.99276,0.99362,0.49048,0.99744,0.47692,0.48884,0.4994,0.4999,0.9896,0.99168,0.49746,0.99172,0.91672,0.92408,0.81156,0.96312,0.481,0.99568,0.9669,0.49996,0.5,0.95954,0.94452,0.9791,0.48984,0.9115,0.48278,0.76576,0.99706,0.7615430769230771,0.728062857142857,0.9520299999999999,0.73447,0.69714,0.76576,0.9865466666666666,0.99604,0.95996,0.97378,0.96826,0.90236,0.76576,0.99928,0.9667079999999999,0.99952
"Gerardo Chowell, Carlos Castillo-Chavez, Paul W. Fenimore, Christopher M. Kribs-Zaleta, Leon Arriola, James M. Hyman",Model Parameters and Outbreak Control for SARS,2004,Emerging Infectious Diseases,http://dx.doi.org/10.3201/eid1007.030647,10.3201/eid1007.030647,0.94372,0.86816,0.93092,0.818,0.98374,0.97504,0.47692,0.48884,0.4994,0.4999,0.48702,0.90792,0.49746,0.90812,0.92504,0.93156,0.91754,0.94786,0.481,0.49776,0.96772,0.49996,0.5,0.97212,0.9605,0.93052,0.48984,0.95988,0.98766,0.76428,0.98828,0.7185723076923077,0.74328,0.96631,0.71018,0.97377,0.76428,0.81792,0.98256,0.96842,0.98022,0.92876,0.9849,0.76428,0.99492,0.9654699999999999,0.99948
"Maeli Melotto, William Underwood, Sheng Yang He",Role of Stomata in Plant Innate Immunity and Foliar Bacterial Diseases,2008,Annual Review of Phytopathology,http://dx.doi.org/10.1146/annurev.phyto.121107.104959,10.1146/annurev.phyto.121107.104959,0.99408,0.99196,0.99272,0.99296,0.49048,0.998,0.47692,0.48884,0.4994,0.4999,0.98268,0.99312,0.49746,0.99312,0.88756,0.88262,0.8294,0.46874,0.481,0.99638,0.48296,0.49996,0.5,0.47926,0.94774,0.97726,0.99528,0.92326,0.97766,0.8341,0.9856,0.7613507692307692,0.6498971428571428,0.7135,0.98627,0.95046,0.8341,0.8216466666666667,0.9959,0.85924,0.93116,0.99238,0.97676,0.8341,0.99636,0.965427,0.99944
"John C. Byrd, Richard R. Furman, Steven E. Coutre, Jan A. Burger, Kristie A. Blum, Morton Coleman, William G. Wierda, Jeffrey A. Jones, Weiqiang Zhao, Nyla A. Heerema, Amy J. Johnson, Yun Shaw, Elizabeth Bilotti, Cathy Zhou, Danelle F. James, Susan O'Brien",Three-year follow-up of treatment-naïve and previously treated patients with CLL and SLL receiving single-agent ibrutinib,2015,Blood,http://dx.doi.org/10.1182/blood-2014-10-606038,10.1182/blood-2014-10-606038,0.99748,0.9888,0.99768,0.9964,0.49048,0.9994,0.47692,0.48884,0.4994,0.4999,0.99312,0.9906,0.49746,0.99064,0.98844,0.98952,0.9764,0.94336,0.481,0.49776,0.48296,0.49996,0.5,0.47926,0.9703,0.99984,0.99464,0.9835,0.99702,0.96172,0.484,0.76228,0.768382857142857,0.72478,0.9972399999999999,0.99026,0.96172,0.48824,0.99632,0.98276,0.95122,0.99912,0.99418,0.96172,0.46854,0.962401,0.9994
"Kumari G. Lokugamage, Krishna Narayanan, Cheng Huang, Shinji Makino",Severe Acute Respiratory Syndrome Coronavirus Protein nsp1 Is a Novel Eukaryotic Translation Inhibitor That Represses Multiple Steps of Translation Initiation,2012,Journal of Virology,http://dx.doi.org/10.1128/jvi.01958-12,10.1128/jvi.01958-12,0.97646,0.95024,0.96316,0.96752,0.49048,0.99592,0.47692,0.48884,0.4994,0.4999,0.48702,0.96082,0.49746,0.9608,0.84912,0.85446,0.8065,0.94092,0.481,0.49776,0.97416,0.49996,0.5,0.96444,0.95102,0.94494,0.99194,0.96246,0.48278,0.74908,0.9797,0.7106523076923078,0.7045657142857144,0.95773,0.96844,0.72262,0.74908,0.8172066666666667,0.97676,0.94552,0.97602,0.98472,0.95036,0.74908,0.99472,0.961232,0.99936
"Bruce D. Cheson, John M. Bennett, Kenneth J. Kopecky, Thomas Büchner, Cheryl L. Willman, Elihu H. Estey, Charles A. Schiffer, Hartmut Doehner, Martin S. Tallman, T. Andrew Lister, Francesco Lo-Coco, Roel Willemze, Andrea Biondi, Wolfgang Hiddemann, Richard A. Larson, Bob Löwenberg, Miguel A. Sanz, David R. Head, Ryuzo Ohno, Clara D. Bloomfield","Revised Recommendations of the International Working Group for Diagnosis, Standardization of Response Criteria, Treatment Outcomes, and Reporting Standards for Therapeutic Trials in Acute Myeloid Leukemia",2003,Journal of Clinical Oncology,http://dx.doi.org/10.1200/jco.2003.04.036,10.1200/jco.2003.04.036,0.99926,0.98566,0.9993,0.99934,0.49048,0.99978,0.47692,0.48884,0.4994,0.4999,0.9906,0.98814,0.49746,0.98822,0.96652,0.96826,0.81402,0.9383,0.481,0.49776,0.48296,0.49996,0.5,0.95986,0.47158,0.99894,0.9962,0.9835,0.9868,0.95254,0.484,0.7618492307692306,0.7382942857142857,0.71572,0.9975700000000001,0.98515,0.95254,0.48824,0.9961,0.96574,0.93398,0.99938,0.99138,0.95254,0.46854,0.9581519999999999,0.9993
"Bruce D. Cheson, John M. Bennett, Kenneth J. Kopecky, Thomas Büchner, Cheryl L. Willman, Elihu H. Estey, Charles A. Schiffer, Hartmut Doehner, Martin S. Tallman, T. Andrew Lister, Francesco Lo-Coco, Roel Willemze, Andrea Biondi, Wolfgang Hiddemann, Richard A. Larson, Bob Löwenberg, Miguel A. Sanz, David R. Head, Ryuzo Ohno, Clara D. Bloomfield","Revised Recommendations of the International Working Group for Diagnosis, Standardization of Response Criteria, Treatment Outcomes, and Reporting Standards for Therapeutic Trials in Acute Myeloid Leukemia",2003,Journal of Clinical Oncology,http://dx.doi.org/10.1200/jco.2003.04.036,10.1200/jco.2003.04.036,0.99926,0.98566,0.9993,0.99934,0.49048,0.99978,0.47692,0.48884,0.4994,0.4999,0.9906,0.98814,0.49746,0.98822,0.96652,0.96826,0.81402,0.9383,0.481,0.49776,0.48296,0.49996,0.5,0.95986,0.47158,0.99894,0.9962,0.9835,0.9868,0.95254,0.484,0.7618492307692306,0.7382942857142857,0.71572,0.9975700000000001,0.98515,0.95254,0.48824,0.9961,0.96574,0.93398,0.99938,0.99138,0.95254,0.46854,0.9581519999999999,0.9993
"Blake B. Rasmussen, Kevin D. Tipton, Sharon L. Miller, Steven E. Wolf, Robert R. Wolfe",An oral essential amino acid-carbohydrate supplement enhances muscle protein anabolism after resistance exercise,2000,Journal of Applied Physiology,http://dx.doi.org/10.1152/jappl.2000.88.2.386,10.1152/jappl.2000.88.2.386,0.97724,0.95722,0.97922,0.97644,0.99724,0.98298,0.47692,0.48884,0.4994,0.4999,0.9745,0.96676,0.49746,0.96676,0.95892,0.96364,0.95358,0.98296,0.98852,0.99946,0.96604,0.49996,0.5,0.97944,0.47158,0.95752,0.48984,0.45314,0.96618,0.52228,0.484,0.7895107692307692,0.8353685714285713,0.72551,0.72368,0.70966,0.52228,0.8165,0.99864,0.99596,0.95196,0.95072,0.92352,0.52228,0.99448,0.9573740000000001,0.99924
"Mark E. Shirtliff, Jon T. Mader",Acute Septic Arthritis,2002,Clinical Microbiology Reviews,http://dx.doi.org/10.1128/cmr.15.4.527-544.2002,10.1128/cmr.15.4.527-544.2002,0.98552,0.95126,0.98512,0.98876,0.49048,0.9926,0.47692,0.48884,0.4994,0.4999,0.48702,0.96214,0.49746,0.96204,0.84852,0.85388,0.83264,0.46874,0.481,0.49776,0.48296,0.49996,0.5,0.95954,0.94452,0.92584,0.48984,0.93826,0.96898,0.89104,0.98688,0.7139953846153845,0.640677142857143,0.9520299999999999,0.70784,0.9536199999999999,0.89104,0.6558666666666667,0.97924,0.84508,0.97378,0.92452,0.97766,0.89104,0.9714,0.954846,0.9992
"Anthony J.G. Hanley, Ken Williams, Michael P. Stern, Steven M. Haffner",Homeostasis Model Assessment of Insulin Resistance in Relation to the Incidence of Cardiovascular Disease,2002,Diabetes Care,http://dx.doi.org/10.2337/diacare.25.7.1177,10.2337/diacare.25.7.1177,0.9881,0.89594,0.98936,0.9893,0.49048,0.9944,0.47692,0.48884,0.4994,0.4999,0.9765,0.92964,0.49746,0.93032,0.877,0.8785,0.89064,0.46874,0.481,0.49776,0.48296,0.49996,0.5,0.95954,0.94452,0.94808,0.48984,0.9115,0.48278,0.85788,0.96994,0.7429584615384616,0.6565485714285714,0.9520299999999999,0.71896,0.69714,0.85788,0.65022,0.99076,0.86944,0.97378,0.9432,0.90236,0.85788,0.94096,0.9541999999999999,0.99916
"Lawrence A. Lavery, Kevin R. Higgins, Dan R. Lanctot, George P. Constantinides, Ruben G. Zamorano, Kyriacos A. Athanasiou, David G. Armstrong, C. Mauli Agrawal",Preventing Diabetic Foot Ulcer Recurrence in High-Risk Patients,2007,Diabetes Care,http://dx.doi.org/10.2337/dc06-1600,10.2337/dc06-1600,0.9837,0.98394,0.98294,0.9873,0.49048,0.98894,0.47692,0.48884,0.4994,0.4999,0.48702,0.98526,0.9996,0.98522,0.88396,0.88424,0.82656,0.46874,0.99086,0.49776,0.48296,0.49996,0.5,0.96142,0.47158,0.9558,0.98758,0.97402,0.9759,0.8924,0.484,0.7581353846153847,0.7220457142857143,0.7165,0.9716899999999999,0.97496,0.8924,0.48824,0.9949,0.95654,0.93594,0.9858,0.98542,0.8924,0.46854,0.951867,0.9991
"Lawrence A. Lavery, Kevin R. Higgins, Dan R. Lanctot, George P. Constantinides, Ruben G. Zamorano, Kyriacos A. Athanasiou, David G. Armstrong, C. Mauli Agrawal",Preventing Diabetic Foot Ulcer Recurrence in High-Risk Patients,2007,Diabetes Care,http://dx.doi.org/10.2337/dc06-1600,10.2337/dc06-1600,0.9837,0.98394,0.98294,0.9873,0.49048,0.98894,0.47692,0.48884,0.4994,0.4999,0.48702,0.98526,0.9996,0.98522,0.88396,0.88424,0.82656,0.46874,0.99086,0.49776,0.48296,0.49996,0.5,0.96142,0.47158,0.9558,0.98758,0.97402,0.9759,0.8924,0.484,0.7581353846153847,0.7220457142857143,0.7165,0.9716899999999999,0.97496,0.8924,0.48824,0.9949,0.95654,0.93594,0.9858,0.98542,0.8924,0.46854,0.951867,0.9991
"David Crews, Ross Gillette, Samuel V. Scarpino, Mohan Manikkam, Marina I. Savenkova, Michael K. Skinner",Epigenetic transgenerational inheritance of altered stress responses,2012,Proceedings of the National Academy of Sciences,http://dx.doi.org/10.1073/pnas.1118514109,10.1073/pnas.1118514109,0.9864,0.99284,0.98652,0.98968,0.49048,0.9966,0.47692,0.48884,0.4994,0.4999,0.99968,0.99388,0.49746,0.99396,0.99036,0.99056,0.98644,0.975,0.9996,0.49776,0.9956,0.49996,0.5,0.97302,0.47158,0.96594,0.99716,0.98734,0.99774,0.2003,0.9797,0.7620123076923077,0.8488457142857142,0.7222999999999999,0.98155,0.99254,0.2003,0.8243533333333334,0.9962,0.99872,0.94708,0.9899,0.99578,0.2003,0.99732,0.951129,0.99904
"Milena P. Mak, Pan Tong, Lixia Diao, Robert J. Cardnell, Don L. Gibbons, William N. William, Ferdinandos Skoulidis, Edwin R. Parra, Jaime Rodriguez-Canales, Ignacio I. Wistuba, John V. Heymach, John N. Weinstein, Kevin R. Coombes, Jing Wang, Lauren Averett Byers","A Patient-Derived, Pan-Cancer EMT Signature Identifies Global Molecular Alterations and Immune Target Enrichment Following Epithelial-to-Mesenchymal Transition",2016,Clinical Cancer Research,http://dx.doi.org/10.1158/1078-0432.ccr-15-0876,10.1158/1078-0432.ccr-15-0876,0.99642,0.9906,0.99576,0.99528,0.49048,0.99952,0.47692,0.48884,0.4994,0.4999,0.48702,0.99196,0.49746,0.99196,0.91826,0.92564,0.88608,0.9742,0.481,0.49776,0.48296,0.49996,0.5,0.47926,0.96724,0.9929,0.9998,0.952,0.48278,0.92462,0.484,0.7234692307692308,0.7407342857142857,0.72325,0.9963500000000001,0.71739,0.92462,0.48824,0.98536,0.96652,0.9481,0.99882,0.94096,0.92462,0.46854,0.947778,0.999
"Lawrence A. Lavery, Kevin R. Higgins, Dan R. Lanctot, George P. Constantinides, Ruben G. Zamorano, David G. Armstrong, Kyriacos A. Athanasiou, C. Mauli Agrawal",Home Monitoring of Foot Skin Temperatures to Prevent Ulceration,2004,Diabetes Care,http://dx.doi.org/10.2337/diacare.27.11.2642,10.2337/diacare.27.11.2642,0.9747,0.9327,0.97072,0.9736,0.49048,0.9811,0.47692,0.48884,0.4994,0.4999,0.48702,0.95202,0.99622,0.95238,0.88756,0.89072,0.8647,0.95338,0.98494,0.49776,0.48296,0.49996,0.5,0.96654,0.47158,0.93052,0.48984,0.94268,0.97196,0.87232,0.484,0.7462538461538462,0.7973228571428572,0.71906,0.71018,0.95732,0.87232,0.48824,0.99174,0.99154,0.94126,0.92876,0.97896,0.87232,0.46854,0.9469650000000001,0.99894
"Lawrence A. Lavery, Kevin R. Higgins, Dan R. Lanctot, George P. Constantinides, Ruben G. Zamorano, David G. Armstrong, Kyriacos A. Athanasiou, C. Mauli Agrawal",Home Monitoring of Foot Skin Temperatures to Prevent Ulceration,2004,Diabetes Care,http://dx.doi.org/10.2337/diacare.27.11.2642,10.2337/diacare.27.11.2642,0.9747,0.9327,0.97072,0.9736,0.49048,0.9811,0.47692,0.48884,0.4994,0.4999,0.48702,0.95202,0.99622,0.95238,0.88756,0.89072,0.8647,0.95338,0.98494,0.49776,0.48296,0.49996,0.5,0.96654,0.47158,0.93052,0.48984,0.94268,0.97196,0.87232,0.484,0.7462538461538462,0.7973228571428572,0.71906,0.71018,0.95732,0.87232,0.48824,0.99174,0.99154,0.94126,0.92876,0.97896,0.87232,0.46854,0.9469650000000001,0.99894
"Alexandru T. Balaban, Daniela C. Oniciu, Alan R. Katritzky",Aromaticity as a Cornerstone of Heterocyclic Chemistry,2004,Chemical Reviews,http://dx.doi.org/10.1021/cr0306790,10.1021/cr0306790,0.99368,0.97412,0.9938,0.99308,0.49048,0.95526,0.47692,0.48884,0.4994,0.4999,0.48702,0.97884,0.49746,0.97876,0.88756,0.89428,0.39468,0.46874,0.481,0.49776,0.48296,0.49996,0.5,0.96034,0.9457,0.93052,0.48984,0.91454,0.48278,0.9677,0.9984,0.7164523076923076,0.58946,0.95302,0.71018,0.6986600000000001,0.9677,0.6597066666666667,0.98112,0.77032,0.97404,0.92876,0.9049,0.9677,0.98868,0.946181,0.99888
"Diane F. Halpern, Lise Eliot, Rebecca S. Bigler, Richard A. Fabes, Laura D. Hanish, Janet Hyde, Lynn S. Liben, Carol Lynn Martin",The Pseudoscience of Single-Sex Schooling,2011,Science,http://dx.doi.org/10.1126/science.1205031,10.1126/science.1205031,0.9655,0.98168,0.96672,0.97334,0.9957,0.8623,0.47692,0.48884,0.4994,0.4999,0.99804,0.98466,0.49746,0.891,0.99656,0.99688,0.99684,0.96006,0.9952,0.49776,0.99358,0.49996,0.5,0.99048,0.977,0.46002,0.48984,0.99928,0.99394,0.98018,0.99714,0.7781507692307692,0.8493571428571428,0.9837400000000001,0.47492999999999996,0.99661,0.98018,0.8294933333333333,0.9976,0.99884,0.9916,0.45966,0.99836,0.98018,0.99884,0.9425970000000001,0.99884
"Sangshin Park, Sarah Navratil, Ashley Gregory, Arin Bauer, Indumathi Srinath, Mikyoung Jun, Barbara Szonyi, Kendra Nightingale, Juan Anciso, Renata Ivanek",Generic Escherichia coli Contamination of Spinach at the Preharvest Stage: Effects of Farm Management and Environmental Factors,2013,Applied and Environmental Microbiology,http://dx.doi.org/10.1128/aem.00474-13,10.1128/aem.00474-13,0.92916,0.91916,0.92248,0.93916,0.49048,0.90088,0.47692,0.48884,0.4994,0.4999,0.48702,0.93988,0.49746,0.94,0.90738,0.9035,0.8697,0.46874,0.481,0.49776,0.97564,0.49996,0.5,0.9834,0.96304,0.94808,0.48984,0.97848,0.48278,0.76106,0.484,0.6924292307692307,0.6614685714285714,0.97322,0.71896,0.73063,0.76106,0.6524666666666666,0.9602,0.8772,0.98484,0.9432,0.96236,0.76106,0.95196,0.942511,0.9988
"Márcio D. Lima, Na Li, Mônica Jung de Andrade, Shaoli Fang, Jiyoung Oh, Geoffrey M. Spinks, Mikhail E. Kozlov, Carter S. Haines, Dongseok Suh, Javad Foroughi, Seon Jeong Kim, Yongsheng Chen, Taylor Ware, Min Kyoon Shin, Leonardo D. Machado, Alexandre F. Fonseca, John D. W. Madden, Walter E. Voit, Douglas S. Galvão, Ray H. Baughman","Electrically, Chemically, and Photonically Powered Torsional and Tensile Actuation of Hybrid Carbon Nanotube Yarn Muscles",2012,Science,http://dx.doi.org/10.1126/science.1226762,10.1126/science.1226762,0.9966,0.9918,0.99628,0.99704,0.49048,0.98486,0.9855,0.48884,0.4994,0.4999,0.98806,0.99296,0.49746,0.99296,0.9821,0.98512,0.96592,0.97434,0.99468,0.49776,0.9956,0.49996,0.5,0.991,0.9751,0.99638,0.48984,0.45314,0.48278,0.9822,0.9976,0.8004261538461539,0.8431599999999999,0.98305,0.74311,0.46796,0.9822,0.8303200000000001,0.99948,0.9976,0.99136,0.97848,0.4492,0.9822,0.99896,0.940462,0.99876
"Dariusz Strąpoć, Maria Mastalerz, Katherine Dawson, Jennifer Macalady, Amy V. Callaghan, Boris Wawrik, Courtney Turich, Matthew Ashby",Biogeochemistry of Microbial Coal-Bed Methane,2011,Annual Review of Earth and Planetary Sciences,http://dx.doi.org/10.1146/annurev-earth-040610-133343,10.1146/annurev-earth-040610-133343,0.99124,0.95954,0.9914,0.99328,0.49048,0.3452,0.47692,0.48884,0.4994,0.4999,0.98672,0.96854,0.49746,0.96892,0.82734,0.83296,0.39468,0.46874,0.481,0.49776,0.97312,0.49996,0.5,0.96352,0.47158,0.94314,0.48984,0.97368,0.98208,0.89214,0.484,0.705123076923077,0.572097142857143,0.71755,0.71649,0.97788,0.89214,0.6516266666666667,0.97184,0.75572,0.93854,0.93944,0.98714,0.89214,0.94814,0.940018,0.99872
"J. L. Gardea-Torresdey, J. G. Parsons, E. Gomez, J. Peralta-Videa, H. E. Troiani, P. Santiago, M. Jose Yacaman",Formation and Growth of Au Nanoparticles inside Live Alfalfa Plants,2002,Nano Letters,http://dx.doi.org/10.1021/nl015673+,10.1021/nl015673+,0.99224,0.9772,0.9946,0.99348,0.49048,0.3452,0.47692,0.48884,0.4994,0.4999,0.9765,0.98156,0.49746,0.9814,0.81794,0.78816,0.39468,0.46874,0.481,0.49776,0.48296,0.49996,0.5,0.47926,0.94452,0.92584,0.98298,0.98196,0.96898,0.79638,0.98146,0.7079184615384615,0.5643542857142857,0.71189,0.95441,0.9754700000000001,0.79638,0.65406,0.9746,0.74658,0.92914,0.98098,0.98608,0.79638,0.96072,0.939433,0.99868
"Charles B. Nemeroff, Christine M. Heim, Michael E. Thase, Daniel N. Klein, A. John Rush, Alan F. Schatzberg, Philip T. Ninan, James P. McCullough, Paul M. Weiss, David L. Dunner, Barbara O. Rothbaum, Susan Kornstein, Gabor Keitner, Martin B. Keller",Differential responses to psychotherapy versus pharmacotherapy in patients with chronic forms of major depression and childhood trauma,2003,Proceedings of the National Academy of Sciences,http://dx.doi.org/10.1073/pnas.2336126100,10.1073/pnas.2336126100,0.99228,0.98438,0.99224,0.99388,0.49048,0.99616,0.47692,0.48884,0.4994,0.4999,0.48702,0.98678,0.49746,0.98674,0.92262,0.92798,0.90604,0.95988,0.481,0.49776,0.97656,0.49996,0.5,0.96606,0.94518,0.97016,0.48984,0.97972,0.9928,0.2003,0.484,0.7215538461538462,0.7424971428571429,0.95562,0.73,0.98626,0.2003,0.6527733333333333,0.98416,0.9678,0.97522,0.96114,0.99208,0.2003,0.95386,0.939412,0.99864
"William G. Stevenson, David J. Wilber, Andrea Natale, Warren M. Jackman, Francis E. Marchlinski, Timothy Talbert, Mario D. Gonzalez, Seth J. Worley, Emile G. Daoud, Chun Hwang, Claudio Schuger, Thomas E. Bump, Mohammad Jazayeri, Gery F. Tomassoni, Harry A. Kopelman, Kyoko Soejima, Hiroshi Nakagawa",Irrigated Radiofrequency Catheter Ablation Guided by Electroanatomic Mapping for Recurrent Ventricular Tachycardia After Myocardial Infarction,2008,Circulation,http://dx.doi.org/10.1161/circulationaha.108.788604,10.1161/circulationaha.108.788604,0.99528,0.94614,0.99484,0.9962,0.49048,0.99628,0.47692,0.48884,0.4994,0.4999,0.48702,0.95852,0.99826,0.9587,0.86996,0.87674,0.87498,0.46874,0.481,0.49776,0.48296,0.49996,0.5,0.47926,0.94774,0.97726,0.48984,0.952,0.48278,0.959,0.484,0.7531923076923076,0.6530542857142857,0.7135,0.73355,0.71739,0.959,0.48824,0.99396,0.8618,0.93116,0.96686,0.94096,0.959,0.46854,0.9384350000000001,0.9986
"Brian W. Kwan, John A. Valenta, Michael J. Benedik, Thomas K. Wood",Arrested Protein Synthesis Increases Persister-Like Cell Formation,2013,Antimicrobial Agents and Chemotherapy,http://dx.doi.org/10.1128/aac.02135-12,10.1128/aac.02135-12,0.99106,0.98706,0.98776,0.9893,0.49048,0.9979,0.47692,0.48884,0.4994,0.4999,0.48702,0.989,0.49746,0.98896,0.8687,0.87536,0.84778,0.46874,0.96734,0.49776,0.48296,0.49996,0.5,0.47926,0.95248,0.9686,0.99278,0.45314,0.98568,0.7707,0.484,0.7215384615384615,0.7182685714285714,0.71587,0.9806900000000001,0.71941,0.7707,0.48824,0.98412,0.9546,0.9345,0.98958,0.9448,0.7707,0.46854,0.93637,0.99856
"Purnendu K. Dasgupta, Yining Liu, Jason V. Dyke",Iodine Nutrition: Iodine Content of Iodized Salt in the United States,2008,Environmental Science &amp; Technology,http://dx.doi.org/10.1021/es0719071,10.1021/es0719071,0.90876,0.76654,0.9069,0.91948,0.49048,0.95024,0.47692,0.48884,0.4994,0.4999,0.98268,0.85028,0.49746,0.85312,0.949,0.94692,0.93214,0.96714,0.97554,0.99774,0.97046,0.49996,0.5,0.9695,0.95768,0.93858,0.48984,0.952,0.97766,0.2003,0.99606,0.7063261538461538,0.8243857142857143,0.96359,0.71421,0.96483,0.2003,0.9880866666666667,0.97304,0.99416,0.97868,0.93576,0.98132,0.2003,0.9994,0.935497,0.99852
"Dunyaporn Trachootham, Weiqin Lu, Marcia A. Ogasawara, Nilsa Rivera-Del Valle, Peng Huang",Redox Regulation of Cell Survival,2008,Antioxidants &amp; Redox Signaling,http://dx.doi.org/10.1089/ars.2007.1957,10.1089/ars.2007.1957,0.99872,0.99616,0.99892,0.99856,0.49048,0.99964,0.47692,0.48884,0.4994,0.4999,0.98268,0.99668,0.49746,0.99672,0.8429,0.84826,0.39468,0.96308,0.97554,0.49776,0.97046,0.49996,0.5,0.96174,0.94774,0.95752,0.48984,0.92326,0.48278,0.2003,0.484,0.7632584615384614,0.7177742857142857,0.95474,0.72368,0.70302,0.2003,0.65074,0.99664,0.95412,0.97462,0.95072,0.91188,0.2003,0.94326,0.934632,0.99848
"Peter Kranke, Sergio D. Bergese, Harold S. Minkowitz, Timothy I. Melson, David G. Leiman, Keith A. Candiotti, Ngai Liu, Leopold Eberhart, Ashraf S. Habib, Jan Wallenborn, Anthony L. Kovac, Pierre Diemunsch, Gabriel Fox, Tong J. Gan",Amisulpride Prevents Postoperative Nausea and Vomiting in Patients at High Risk,2018,Anesthesiology,http://dx.doi.org/10.1097/aln.0000000000002133,10.1097/aln.0000000000002133,0.92628,0.94282,0.922,0.8744,0.49048,0.9187,0.47692,0.48884,0.4994,0.4999,0.48702,0.93284,0.49746,0.93306,0.9581,0.95816,0.91254,0.46874,0.481,0.49776,0.48296,0.49996,0.5,0.99232,0.9703,0.96594,0.99716,0.9908,0.48278,0.9369,0.484,0.6895261538461537,0.682642857142857,0.98131,0.98155,0.7367900000000001,0.9369,0.48824,0.95676,0.90964,0.9904,0.9899,0.96948,0.9369,0.46854,0.9345940000000001,0.99844
"J.M. Nabholtz, A. Buzdar, M. Pollak, W. Harwin, G. Burton, A. Mangalik, M. Steinberg, A. Webster, M. von Euler",Anastrozole Is Superior to Tamoxifen as First-Line Therapy for Advanced Breast Cancer in Postmenopausal Women: Results of a North American Multicenter Randomized Trial,2000,Journal of Clinical Oncology,http://dx.doi.org/10.1200/jco.2000.18.22.3758,10.1200/jco.2000.18.22.3758,0.9938,0.87768,0.99504,0.99504,0.49048,0.99004,0.47692,0.48884,0.4994,0.4999,0.48702,0.91372,0.49746,0.91394,0.88756,0.88712,0.39468,0.46874,0.96206,0.49776,0.48296,0.49996,0.5,0.95868,0.47158,0.9872,0.98034,0.98592,0.99104,0.94556,0.484,0.7019599999999999,0.6571600000000001,0.71513,0.98377,0.98848,0.94556,0.48824,0.9692,0.87052,0.93278,0.99104,0.99328,0.94556,0.46854,0.9340669999999999,0.9984
"Brian L. Connelly, S. Trevis Certo, R. Duane Ireland, Christopher R. Reutzel",Signaling Theory: A Review and Assessment,2010,Journal of Management,http://dx.doi.org/10.1177/0149206310388419,10.1177/0149206310388419,0.99976,0.99988,0.99976,0.9998,0.99964,0.3452,0.47692,0.48884,0.4994,0.4999,0.99564,1.0,0.49746,1.0,0.95762,0.95936,0.88368,0.9504,0.96434,0.49776,0.98244,0.49996,0.5,0.99044,0.97256,0.46002,0.48984,0.99924,0.9928,0.85652,0.99836,0.7540338461538462,0.8164800000000001,0.9815,0.47492999999999996,0.99602,0.85652,0.8261866666666666,0.99424,0.99332,0.99048,0.45966,0.99796,0.85652,0.998,0.933988,0.99836
Joseph A. Veech,A probabilistic model for analysing species co‐occurrence,2012,Global Ecology and Biogeography,http://dx.doi.org/10.1111/j.1466-8238.2012.00789.x,10.1111/j.1466-8238.2012.00789.x,0.99288,0.99656,0.99168,0.99336,0.49048,0.3452,0.47692,0.48884,0.4994,0.4999,0.48702,0.99732,0.49746,0.99736,0.93408,0.9327,0.941,0.46874,0.481,0.49776,0.97416,0.49996,0.5,0.96444,0.95102,0.94494,0.48984,0.93394,0.48278,0.82184,0.484,0.6739615384615386,0.6796399999999999,0.95773,0.71739,0.70836,0.82184,0.6519733333333333,0.94144,0.90524,0.97602,0.94082,0.9212,0.82184,0.95006,0.933643,0.99832
"Debra Umberson, Robert Crosnoe, Corinne Reczek",Social Relationships and Health Behavior Across the Life Course,2010,Annual Review of Sociology,http://dx.doi.org/10.1146/annurev-soc-070308-120011,10.1146/annurev-soc-070308-120011,0.99732,0.99828,0.99724,0.99792,0.99518,0.99936,0.99708,0.48884,0.4994,0.4999,0.48702,0.99796,0.49746,0.998,0.95882,0.96344,0.90996,0.9697,0.481,0.49776,0.98244,0.49996,0.5,0.99298,0.97794,0.46002,0.48984,0.98788,0.99848,0.84928,0.484,0.8041261538461538,0.7546971428571428,0.98546,0.47492999999999996,0.99318,0.84928,0.6547333333333333,0.9998,0.97528,0.99252,0.45966,0.99632,0.84928,0.96426,0.9329550000000002,0.99828
"Nobuya Koike, Seung-Hee Yoo, Hung-Chung Huang, Vivek Kumar, Choogon Lee, Tae-Kyung Kim, Joseph S. Takahashi",Transcriptional Architecture and Chromatin Landscape of the Core Circadian Clock in Mammals,2012,Science,http://dx.doi.org/10.1126/science.1226339,10.1126/science.1226339,0.99912,0.9984,0.99876,0.99928,0.49048,0.99992,0.47692,0.48884,0.4994,0.4999,0.99948,0.99856,0.49746,0.9986,0.9732,0.97232,0.97096,0.9665,0.99238,0.49776,0.97416,0.49996,0.5,0.47926,0.47158,0.983,0.48984,0.93394,0.48278,0.9822,0.9797,0.7650769230769231,0.8393314285714285,0.47542,0.73642,0.70836,0.9822,0.8172066666666667,0.99708,0.99688,0.46408,0.97096,0.9212,0.9822,0.99472,0.932698,0.99824
"Satish Jayachandran, Subhash Sharma, Peter Kaufman, Pushkala Raman",The Role of Relational Information Processes and Technology Use in Customer Relationship Management,2005,Journal of Marketing,http://dx.doi.org/10.1509/jmkg.2005.69.4.177,10.1509/jmkg.2005.69.4.177,0.99316,0.99372,0.99332,0.9928,0.99924,0.3452,0.47692,0.48884,0.4994,0.4999,0.9793,0.99472,0.99664,0.9948,0.77128,0.77596,0.39468,0.93876,0.481,0.49776,0.48296,0.49996,0.5,0.47926,0.94624,0.95302,0.48984,0.91668,0.9732,0.84334,0.484,0.788830769230769,0.6230914285714285,0.71275,0.72143,0.94494,0.84334,0.48824,0.99852,0.81892,0.93016,0.947,0.97536,0.84334,0.46854,0.9319979999999999,0.9982
"Timothy M. Uyeki, Scott Milton, Cherissa Abdul Hamid, Cynthia Reinoso Webb, Steven M. Presley, Varun Shetty, Susan N. Rollo, Diana L. Martinez, Saroj Rai, Emilio R. Gonzales, Krista L. Kniss, Yunho Jang, Julia C. Frederick, Juan A. De La Cruz, Jimma Liddell, Han Di, Marie K. Kirby, John R. Barnes, C. Todd Davis",Highly Pathogenic Avian Influenza A(H5N1) Virus Infection in a Dairy Farm Worker,2024,New England Journal of Medicine,http://dx.doi.org/10.1056/nejmc2405371,10.1056/nejmc2405371,0.98418,0.99006,0.95722,0.96052,0.49048,0.93308,0.47692,0.48884,0.4994,0.4999,0.48702,0.99636,0.49746,0.9964,1.0,1.0,1.0,0.46874,0.99988,0.99986,1.0,0.49996,0.5,1.0,1.0,0.46002,0.48984,1.0,0.48278,1.0,0.99924,0.7133584615384615,0.7812257142857142,1.0,0.47492999999999996,0.74139,1.0,0.9996999999999999,0.97892,0.9902,1.0,0.45966,0.9734,1.0,1.0,0.931786,0.99816
"Kathie L. Thomas-Keprta, Simon J. Clemett, Dennis A. Bazylinski, Joseph L. Kirschvink, David S. McKay, Susan J. Wentworth, Hojatollah Vali, Everett K. Gibson,, Christopher S. Romanek",Magnetofossils from Ancient Mars: a Robust Biosignature in the Martian Meteorite ALH84001,2002,Applied and Environmental Microbiology,http://dx.doi.org/10.1128/aem.68.8.3663-3672.2002,10.1128/aem.68.8.3663-3672.2002,0.86454,0.78734,0.83272,0.8875,0.49048,0.83878,0.47692,0.48884,0.4994,0.4999,0.9765,0.84036,0.49746,0.8415,0.88918,0.87536,0.8598,0.9489,0.481,0.99568,0.48296,0.49996,0.5,0.95954,0.47158,0.92584,0.48984,0.45314,0.96898,0.58844,0.96994,0.6890538461538461,0.7220285714285714,0.71556,0.70784,0.71106,0.58844,0.8161933333333332,0.95626,0.95642,0.93378,0.92452,0.92756,0.58844,0.99418,0.9314889999999999,0.9981
"Kathie L. Thomas-Keprta, Simon J. Clemett, Dennis A. Bazylinski, Joseph L. Kirschvink, David S. McKay, Susan J. Wentworth, Hojatollah Vali, Everett K. Gibson,, Christopher S. Romanek",Magnetofossils from Ancient Mars: a Robust Biosignature in the Martian Meteorite ALH84001,2002,Applied and Environmental Microbiology,http://dx.doi.org/10.1128/aem.68.8.3663-3672.2002,10.1128/aem.68.8.3663-3672.2002,0.86454,0.78734,0.83272,0.8875,0.49048,0.83878,0.47692,0.48884,0.4994,0.4999,0.9765,0.84036,0.49746,0.8415,0.88918,0.87536,0.8598,0.9489,0.481,0.99568,0.48296,0.49996,0.5,0.95954,0.47158,0.92584,0.48984,0.45314,0.96898,0.58844,0.96994,0.6890538461538461,0.7220285714285714,0.71556,0.70784,0.71106,0.58844,0.8161933333333332,0.95626,0.95642,0.93378,0.92452,0.92756,0.58844,0.99418,0.9314889999999999,0.9981
"Brenda L. Fredericksen, Bangdong L. Wei, Jian Yao, Tianci Luo, J. Victor Garcia",Inhibition of Endosomal/Lysosomal Degradation Increases the Infectivity of Human Immunodeficiency Virus,2002,Journal of Virology,http://dx.doi.org/10.1128/jvi.76.22.11440-11446.2002,10.1128/jvi.76.22.11440-11446.2002,0.93026,0.83614,0.92788,0.94654,0.49048,0.98468,0.47692,0.48884,0.4994,0.4999,0.48702,0.889,0.49746,0.88916,0.92058,0.92778,0.83264,0.46874,0.481,0.99568,0.9669,0.49996,0.5,0.95954,0.94452,0.9936,0.98298,0.9115,0.48278,0.59614,0.98146,0.6856476923076923,0.6615285714285715,0.9520299999999999,0.98829,0.69714,0.59614,0.9813466666666667,0.95304,0.87728,0.97378,0.99368,0.90236,0.59614,0.99912,0.930993,0.99804
"Jay T. Jennings, Meghan E. Rubado",Preventing the Use of Deadly Force: The Relationship between Police Agency Policies and Rates of Officer‐Involved Gun Deaths,2017,Public Administration Review,http://dx.doi.org/10.1111/puar.12738,10.1111/puar.12738,0.96132,0.92458,0.95624,0.96358,0.49048,0.3452,0.99588,0.48884,0.4994,0.4999,0.99564,0.94388,0.49746,0.94526,0.99476,0.99432,0.99448,0.9788,0.99038,0.49776,0.99054,0.49996,0.5,0.9919,0.99756,0.46002,0.48984,0.99678,0.48278,0.89272,0.484,0.7343338461538461,0.8503857142857143,0.99473,0.47492999999999996,0.73978,0.89272,0.6574333333333333,0.9892,0.99904,0.99572,0.45966,0.97248,0.89272,0.97922,0.9308870000000001,0.998
"Sharon L. Harlan, Juan H. Declet-Barreto, William L. Stefanov, Diana B. Petitti","Neighborhood Effects on Heat Deaths: Social and Environmental Predictors of Vulnerability in Maricopa County, Arizona",2013,Environmental Health Perspectives,http://dx.doi.org/10.1289/ehp.1104625,10.1289/ehp.1104625,0.99238,0.99248,0.99172,0.99272,0.49048,0.99166,0.47692,0.48884,0.4994,0.4999,0.48702,0.99204,0.49746,0.99204,0.97818,0.976,0.94776,0.95804,0.481,0.49776,0.99282,0.49996,0.5,0.99308,0.99482,0.46002,0.48984,0.9992,0.99976,0.89984,0.98146,0.7225138461538461,0.7629914285714285,0.99395,0.47492999999999996,0.9994799999999999,0.89984,0.8240133333333333,0.98484,0.97996,0.99534,0.45966,0.99976,0.89984,0.99716,0.9307420000000001,0.99796
"Michael T. Bailey, Scot E. Dowd, Nicola M. A. Parry, Jeffrey D. Galley, David B. Schauer, Mark Lyte",Stressor Exposure Disrupts Commensal Microbial Populations in the Intestines and Leads to Increased Colonization by <i>Citrobacter rodentium</i>,2010,Infection and Immunity,http://dx.doi.org/10.1128/iai.00862-09,10.1128/iai.00862-09,0.98544,0.97276,0.98438,0.9846,0.49048,0.99696,0.47692,0.48884,0.4994,0.4999,0.99564,0.97792,0.49746,0.97824,0.82136,0.8024,0.39468,0.46874,0.481,0.49776,0.97216,0.49996,0.5,0.96274,0.47158,0.94158,0.48984,0.92836,0.48278,0.63222,0.484,0.7571923076923076,0.5668771428571429,0.71716,0.71571,0.70557,0.63222,0.6513066666666667,0.99472,0.74854,0.93664,0.93816,0.91634,0.63222,0.94596,0.930237,0.99792
"Jonathan Bundy, Michael D. Pfarrer, Cole E. Short, W. Timothy Coombs","Crises and Crisis Management: Integration, Interpretation, and Research Development",2016,Journal of Management,http://dx.doi.org/10.1177/0149206316680030,10.1177/0149206316680030,0.9982,0.99968,0.99844,0.99712,0.49048,0.3452,0.98792,0.99956,0.4994,0.4999,0.48702,0.99972,0.49746,0.99972,0.97918,0.97196,0.96954,0.46874,0.481,0.49776,0.98024,0.49996,0.5,0.9695,0.97744,0.46002,0.48984,0.9908,0.99104,0.91924,0.99866,0.7539707692307693,0.6957685714285714,0.9734700000000001,0.47492999999999996,0.99092,0.91924,0.8255533333333333,0.99412,0.93084,0.98512,0.45966,0.9948,0.91924,0.9978,0.9299540000000002,0.99788
"Gerard George, Jennifer Howard-Grenville, Aparna Joshi, Laszlo Tihanyi",Understanding and Tackling Societal Grand Challenges through Management Research,2016,Academy of Management Journal,http://dx.doi.org/10.5465/amj.2016.4007,10.5465/amj.2016.4007,0.99944,0.9998,0.99944,0.99752,0.49048,0.3452,0.9992,0.99996,0.4994,0.4999,0.48702,0.9998,0.49746,0.9998,0.9777,0.97854,0.88608,0.46874,0.481,0.49776,0.9944,0.49996,0.5,0.9962,0.99476,0.46002,0.48984,0.99932,0.99956,0.92,0.9856,0.7549984615384615,0.6845742857142857,0.9954799999999999,0.47492999999999996,0.99944,0.92,0.82592,0.99432,0.91184,0.99628,0.45966,0.99972,0.92,0.99796,0.929808,0.99784
"Jan E. Janečka, Webb Miller, Thomas H. Pringle, Frank Wiens, Annette Zitzmann, Kristofer M. Helgen, Mark S. Springer, William J. Murphy",Molecular and Genomic Data Identify the Closest Living Relative of Primates,2007,Science,http://dx.doi.org/10.1126/science.1147555,10.1126/science.1147555,0.97428,0.97136,0.97252,0.9806,0.49048,0.9886,0.47692,0.48884,0.4994,0.4999,0.9989,0.97704,0.99768,0.97756,0.9734,0.97672,0.82656,0.93926,0.481,0.99626,0.9908,0.49996,0.5,0.96838,0.9628,0.46002,0.48984,0.921,0.48278,0.96858,1.0,0.7938307692307693,0.7424142857142856,0.96559,0.47492999999999996,0.70189,0.96858,0.9956866666666667,0.99908,0.96776,0.97984,0.45966,0.91002,0.96858,0.99972,0.9296829999999999,0.9978
"Mary H. Ward, Theo M. deKok, Patrick Levallois, Jean Brender, Gabriel Gulis, Bernard T. Nolan, James VanDerslice",Workgroup Report: Drinking-Water Nitrate and Health—Recent Findings and Research Needs,2005,Environmental Health Perspectives,http://dx.doi.org/10.1289/ehp.8043,10.1289/ehp.8043,0.993,0.9866,0.99344,0.99384,0.49048,0.98848,0.47692,0.48884,0.4994,0.4999,0.9793,0.98924,0.99664,0.98924,0.91754,0.91426,0.82054,0.95676,0.98048,0.49776,0.48296,0.49996,0.5,0.47926,0.95416,0.46002,0.48984,0.99988,0.99818,0.82312,0.9972,0.7978707692307693,0.7985057142857143,0.71671,0.47492999999999996,0.99903,0.82312,0.6593066666666667,0.99936,0.99168,0.9362,0.45966,0.99956,0.82312,0.98784,0.928938,0.99776
"Jean D. Brender, Peter J. Weyer, Paul A. Romitti, Binayak P. Mohanty, Mayura U. Shinde, Ann M. Vuong, Joseph R. Sharkey, Dipankar Dwivedi, Scott A. Horel, Jiji Kantamneni, John C. Huber, Qi Zheng, Martha M. Werler, Katherine E. Kelley, John S. Griesenbeck, F. Benjamin Zhan, Peter H. Langlois, Lucina Suarez, Mark A. Canfield",Prenatal Nitrate Intake from Drinking Water and Selected Birth Defects in Offspring of Participants in the National Birth Defects Prevention Study,2013,Environmental Health Perspectives,http://dx.doi.org/10.1289/ehp.1206249,10.1289/ehp.1206249,0.95688,0.9493,0.95286,0.96052,0.49048,0.96374,0.47692,0.48884,0.4994,0.4999,0.9896,0.96148,0.49746,0.96184,0.877,0.88368,0.39468,0.9718,0.96734,0.49776,0.97564,0.49996,0.5,0.98172,0.97308,0.46002,0.48984,0.99842,0.98568,0.89984,0.484,0.7455646153846155,0.72778,0.9774,0.47492999999999996,0.99205,0.89984,0.6524666666666666,0.99148,0.95968,0.98818,0.45966,0.99564,0.89984,0.95196,0.928646,0.99772
Emily K. Brunson,The Impact of Social Networks on Parents’ Vaccination Decisions,2013,Pediatrics,http://dx.doi.org/10.1542/peds.2012-2452,10.1542/peds.2012-2452,0.9872,0.989,0.988,0.98498,0.49048,0.99632,0.47692,0.48884,0.4994,0.4999,0.48702,0.99076,0.49746,0.99076,0.98512,0.9872,0.97644,0.97098,0.99956,0.49776,0.99516,0.49996,0.5,0.99276,0.978,0.46002,0.48984,0.99864,0.99834,0.83244,0.99008,0.7215261538461538,0.8456085714285714,0.9853799999999999,0.47492999999999996,0.99849,0.83244,0.8276666666666667,0.98408,0.99804,0.99244,0.45966,0.99932,0.83244,0.9984,0.9285280000000001,0.99768
"Xiaohu Xia, Jingtuo Zhang, Ning Lu, Moon J. Kim, Kushal Ghale, Ye Xu, Erin McKenzie, Jiabin Liu, Haihang Ye",Pd–Ir Core–Shell Nanocubes: A Type of Highly Efficient and Versatile Peroxidase Mimic,2015,ACS Nano,http://dx.doi.org/10.1021/acsnano.5b03525,10.1021/acsnano.5b03525,0.99212,0.9228,0.99108,0.99252,0.49048,0.97922,0.9613,0.48884,0.4994,0.4999,0.99312,0.94276,0.49746,0.944,0.94944,0.9556,0.39468,0.46874,0.98676,0.49776,0.98786,0.49996,0.5,0.99262,0.95534,0.95446,0.99464,0.45314,0.48278,0.94578,0.484,0.7848369230769231,0.6793114285714286,0.97398,0.97455,0.46796,0.94578,0.65654,0.99812,0.90416,0.98556,0.98724,0.4492,0.94578,0.97458,0.927694,0.99764
"Kathy Hirsh-Pasek, Lauren B. Adamson, Roger Bakeman, Margaret Tresch Owen, Roberta Michnick Golinkoff, Amy Pace, Paula K. S. Yust, Katharine Suma",The Contribution of Early Communication Quality to Low-Income Children’s Language Success,2015,Psychological Science,http://dx.doi.org/10.1177/0956797615581493,10.1177/0956797615581493,0.9968,0.99784,0.9968,0.99688,0.49048,0.99856,0.47692,0.48884,0.4994,0.4999,0.48702,0.9982,0.49746,0.99824,0.98372,0.9856,0.92264,0.46874,0.97214,0.49776,0.97854,0.49996,0.5,0.99764,0.99796,0.46002,0.48984,0.99764,0.99936,0.82394,0.484,0.7251184615384615,0.7618285714285714,0.9978,0.47492999999999996,0.9984999999999999,0.82394,0.6534333333333333,0.98632,0.9792,0.99816,0.45966,0.99936,0.82394,0.9563,0.9258100000000002,0.9976
"Caitlin Ryan, Russell B. Toomey, Rafael M. Diaz, Stephen T. Russell",Parent-Initiated Sexual Orientation Change Efforts With LGBT Adolescents: Implications for Young Adult Mental Health and Adjustment,2018,Journal of Homosexuality,http://dx.doi.org/10.1080/00918369.2018.1538407,10.1080/00918369.2018.1538407,0.97646,0.99264,0.9783,0.95056,0.49048,0.98,0.47692,0.48884,0.4994,0.4999,0.48702,0.99418,0.49746,0.99426,0.99916,0.99904,0.9982,0.99528,0.98182,0.99918,0.99772,0.49996,0.5,0.9993,0.99968,0.46002,0.48984,0.9996,0.9947,0.78068,0.99882,0.7176892307692307,0.8533514285714286,0.99949,0.47492999999999996,0.99715,0.78068,0.9985733333333334,0.98196,0.99964,0.99956,0.45966,0.99892,0.78068,0.99988,0.925786,0.99756
"David G. Sirmon, Michael A. Hitt, R. Duane Ireland, Brett Anitra Gilbert",Resource Orchestration to Create Competitive Advantage,2010,Journal of Management,http://dx.doi.org/10.1177/0149206310385695,10.1177/0149206310385695,0.99802,0.9993,0.99882,0.99838,0.98742,0.3452,0.47692,0.48884,0.4994,0.4999,0.9853,0.99938,0.49746,0.99938,0.8618,0.85596,0.8357,0.95264,0.96434,0.49776,0.48296,0.49996,0.5,0.47926,0.9492,0.46002,0.48984,0.98788,0.98078,0.85652,0.9876,0.7519769230769231,0.7814857142857142,0.71423,0.47492999999999996,0.9843299999999999,0.85652,0.6561066666666667,0.9935,0.9903,0.93204,0.45966,0.99084,0.85652,0.97198,0.925459,0.9975
"David G. Sirmon, Michael A. Hitt, R. Duane Ireland, Brett Anitra Gilbert",Resource Orchestration to Create Competitive Advantage,2010,Journal of Management,http://dx.doi.org/10.1177/0149206310385695,10.1177/0149206310385695,0.99802,0.9993,0.99882,0.99838,0.98742,0.3452,0.47692,0.48884,0.4994,0.4999,0.9853,0.99938,0.49746,0.99938,0.8618,0.85596,0.8357,0.95264,0.96434,0.49776,0.48296,0.49996,0.5,0.47926,0.9492,0.46002,0.48984,0.98788,0.98078,0.85652,0.9876,0.7519769230769231,0.7814857142857142,0.71423,0.47492999999999996,0.9843299999999999,0.85652,0.6561066666666667,0.9935,0.9903,0.93204,0.45966,0.99084,0.85652,0.97198,0.925459,0.9975
"Astrid Spannhoff, Yong Kee Kim, Noel J ‐M Raynal, Vazganush Gharibyan, Ming‐Bo Su, Yue‐Yang Zhou, Jia Li, Sabrina Castellano, Gianluca Sbardella, Jean‐Pierre J Issa, Mark T Bedford",Histone deacetylase inhibitor activity in royal jelly might facilitate caste switching in bees,2011,EMBO reports,http://dx.doi.org/10.1038/embor.2011.9,10.1038/embor.2011.9,0.96684,0.96924,0.96574,0.97436,0.49048,0.9838,0.47692,0.48884,0.4994,0.4999,0.48702,0.97516,0.99994,0.9754,0.98112,0.97712,0.8873,0.94036,0.481,0.99664,0.99312,0.49996,0.5,0.99624,0.99696,0.96388,0.48984,0.45314,0.48278,0.81574,0.97854,0.7527846153846153,0.7524085714285713,0.9965999999999999,0.72686,0.46796,0.81574,0.9894333333333334,0.99376,0.974,0.99698,0.95612,0.4492,0.81574,0.99956,0.925275,0.99744
"Arnold Schecter, Matthew Lorber, Ying Guo, Qian Wu, Se Hun Yun, Kurunthachalam Kannan, Madeline Hommel, Nadia Imran, Linda S. Hynan, Dunlei Cheng, Justin A. Colacino, Linda S. Birnbaum",Phthalate Concentrations and Dietary Exposure from Food Purchased in New York State,2013,Environmental Health Perspectives,http://dx.doi.org/10.1289/ehp.1206367,10.1289/ehp.1206367,0.99,0.95988,0.98904,0.9914,0.49048,0.99188,0.47692,0.48884,0.4994,0.4999,0.48702,0.96896,0.49746,0.96896,0.9294,0.93096,0.88434,0.97848,0.481,0.99692,0.48296,0.49996,0.5,0.9834,0.97308,0.46002,0.48984,0.99714,0.9992,0.89984,0.484,0.7161646153846154,0.7434485714285713,0.97824,0.47492999999999996,0.99817,0.89984,0.6546266666666667,0.98092,0.96852,0.98846,0.45966,0.9992,0.89984,0.96268,0.92517,0.9974
"Anthony C. Klotz, Keith M. Hmieleski, Bret H. Bradley, Lowell W. Busenitz",New Venture Teams,2013,Journal of Management,http://dx.doi.org/10.1177/0149206313493325,10.1177/0149206313493325,0.99304,0.99888,0.995,0.99484,0.9903,0.3452,0.47692,0.48884,0.4994,0.4999,0.9896,0.9986,0.49746,0.99864,0.96848,0.9575,0.95368,0.46874,0.481,0.49776,0.97564,0.49996,0.5,0.9834,0.97836,0.46002,0.48984,0.98882,0.98568,0.88828,0.484,0.7518138461538462,0.6899085714285713,0.98088,0.47492999999999996,0.98725,0.88828,0.6524666666666666,0.99336,0.92124,0.99014,0.45966,0.99282,0.88828,0.95196,0.925078,0.99736
"Alex R. Hoffmaster, Karen K. Hill, Jay E. Gee, Chung K. Marston, Barun K. De, Tanja Popovic, David Sue, Patricia P. Wilkins, Swati B. Avashia, Rahsaan Drumgoole, Charles H. Helma, Lawrence O. Ticknor, Richard T. Okinaka, Paul J. Jackson",Characterization of <i>Bacillus cereus</i> Isolates Associated with Fatal Pneumonias: Strains Are Closely Related to <i>Bacillus anthracis</i> and Harbor <i>B. anthracis</i> Virulence Genes,2006,Journal of Clinical Microbiology,http://dx.doi.org/10.1128/jcm.00561-06,10.1128/jcm.00561-06,0.96474,0.8185,0.96176,0.96544,0.49048,0.99022,0.47692,0.48884,0.4994,0.4999,0.98028,0.87826,0.49746,0.87944,0.834,0.8393,0.39468,0.95516,0.481,0.49776,0.48296,0.49996,0.5,0.96112,0.47158,0.97954,0.48984,0.96246,0.48278,0.75242,0.484,0.725146153846154,0.6434428571428571,0.71635,0.73469,0.72262,0.75242,0.48824,0.98644,0.85196,0.93536,0.96854,0.95036,0.75242,0.46854,0.9248900000000001,0.99732
"Christel Chehoud, Anatoly Dryga, Young Hwang, Dorottya Nagy-Szakal, Emily B. Hollister, Ruth Ann Luna, James Versalovic, Richard Kellermayer, Frederic D. Bushman",Transfer of Viral Communities between Human Individuals during Fecal Microbiota Transplantation,2016,mBio,http://dx.doi.org/10.1128/mbio.00322-16,10.1128/mbio.00322-16,0.95902,0.98592,0.9539,0.95288,0.49048,0.99336,0.47692,0.48884,0.4994,0.4999,0.48702,0.9819,0.49746,0.98178,0.98848,0.98956,0.98762,0.97008,0.97554,0.49776,0.99594,0.49996,0.5,0.98938,0.97166,0.97726,0.99848,0.45314,0.48278,0.84948,0.484,0.7145969230769231,0.8444628571428571,0.9805200000000001,0.98787,0.46796,0.84948,0.6592333333333333,0.97984,0.9978,0.98996,0.99318,0.4492,0.84948,0.98768,0.924792,0.99728
"William B. Liechty, David R. Kryscio, Brandon V. Slaughter, Nicholas A. Peppas",Polymers for Drug Delivery Systems,2010,Annual Review of Chemical and Biomolecular Engineering,http://dx.doi.org/10.1146/annurev-chembioeng-073009-100847,10.1146/annurev-chembioeng-073009-100847,0.99876,0.99952,0.99872,0.99788,0.49048,0.99912,0.47692,0.48884,0.4994,0.4999,0.48702,0.99956,0.49746,0.99956,0.95318,0.9552,0.87178,0.9636,0.96434,0.99658,0.48296,0.49996,0.5,0.96274,0.9492,0.99762,0.9982,0.45314,0.48278,0.82802,0.484,0.7257215384615384,0.8154371428571429,0.95597,0.99791,0.46796,0.82802,0.6545133333333334,0.9866,0.99312,0.97536,0.99956,0.4492,0.82802,0.96252,0.924551,0.99724
"Linhan Lin, Xiaolei Peng, Zhangming Mao, Wei Li, Maruthi N. Yogeesh, Bharath Bangalore Rajeeva, Evan P. Perillo, Andrew K. Dunn, Deji Akinwande, Yuebing Zheng",Bubble-Pen Lithography,2015,Nano Letters,http://dx.doi.org/10.1021/acs.nanolett.5b04524,10.1021/acs.nanolett.5b04524,0.98462,0.96628,0.984,0.98454,0.49048,0.98212,0.47692,0.48884,0.4994,0.4999,0.48702,0.97318,0.49746,0.97314,0.95754,0.96236,0.9054,0.95434,0.97214,0.49776,0.98786,0.49996,0.5,0.99262,0.9703,0.97436,0.48984,0.45314,0.48278,0.91368,0.484,0.7156369230769232,0.8216771428571429,0.98146,0.7321,0.46796,0.91368,0.65654,0.98052,0.9936,0.99044,0.96458,0.4492,0.91368,0.97458,0.924455,0.9972
"Shaun Pichler, Janell L. Blazovich, Kirsten A. Cook, Janet M. Huston, William R. Strawser",Do LGBT‐supportive corporate policies enhance firm performance?,2017,Human Resource Management,http://dx.doi.org/10.1002/hrm.21831,10.1002/hrm.21831,0.97116,0.9875,0.9535,0.96636,0.49048,0.3452,0.98904,0.99868,0.4994,0.4999,0.48702,0.98914,0.49746,0.98914,0.97242,0.97638,0.8357,0.46874,0.481,0.49776,0.99054,0.49996,0.5,0.99658,0.9964,0.46002,0.48984,0.98788,0.9928,0.89056,0.484,0.7456015384615385,0.6763142857142856,0.99649,0.47492999999999996,0.99034,0.89056,0.6574333333333333,0.99152,0.89992,0.99688,0.45966,0.99444,0.89056,0.97922,0.924339,0.99716
"Rick O. Gilmore, Michele T. Diaz, Brad A. Wyble, Tal Yarkoni","Progress toward openness, transparency, and reproducibility in cognitive neuroscience",2017,Annals of the New York Academy of Sciences,http://dx.doi.org/10.1111/nyas.13325,10.1111/nyas.13325,0.95154,0.97652,0.93252,0.95558,0.49048,0.9742,0.47692,0.48884,0.4994,0.4999,0.99878,0.98148,0.49746,0.9817,0.99012,0.99124,0.99262,0.46874,0.99038,0.49776,0.98244,0.49996,0.5,0.47926,0.95964,0.46002,0.48984,0.9578,0.9928,0.83728,0.484,0.7502907692307692,0.7761514285714285,0.71945,0.47492999999999996,0.9753000000000001,0.83728,0.6547333333333333,0.99284,0.98792,0.942,0.45966,0.98578,0.83728,0.96426,0.9240329999999999,0.99712
"Ye Shi, Ming Wang, Chongbo Ma, Yaqun Wang, Xiaopeng Li, Guihua Yu",A Conductive Self-Healing Hybrid Gel Enabled by Metal–Ligand Supramolecule and Nanostructured Conductive Polymer,2015,Nano Letters,http://dx.doi.org/10.1021/acs.nanolett.5b03069,10.1021/acs.nanolett.5b03069,0.99596,0.98684,0.99508,0.99608,0.49048,0.98276,0.47692,0.48884,0.4994,0.4999,0.48702,0.98892,0.49746,0.98892,0.95334,0.9568,0.87934,0.97132,0.97214,0.49776,0.98786,0.49996,0.5,0.99072,0.95534,0.95446,0.48984,0.45314,0.48278,0.91368,0.484,0.7214323076923077,0.8189857142857143,0.9730300000000001,0.72215,0.46796,0.91368,0.65654,0.98392,0.9934,0.98468,0.94822,0.4492,0.91368,0.97458,0.923923,0.99708
"Sanjay G. Revankar, Deanna A. Sutton",Melanized Fungi in Human Disease,2010,Clinical Microbiology Reviews,http://dx.doi.org/10.1128/cmr.00019-10,10.1128/cmr.00019-10,0.99276,0.9721,0.99268,0.99456,0.49048,0.99784,0.47692,0.48884,0.4994,0.4999,0.48702,0.97914,0.49746,0.97904,0.92198,0.92454,0.90604,0.95788,0.481,0.49776,0.97216,0.49996,0.5,0.47926,0.47158,0.94158,0.48984,0.97972,0.98078,0.93076,0.99182,0.7196446153846152,0.7416285714285714,0.47542,0.71571,0.9802500000000001,0.93076,0.8205800000000001,0.98308,0.96704,0.46408,0.93816,0.98878,0.93076,0.9958,0.923674,0.99704
"Susan E. Carozza, Bo Li, Kai Elgethun, Ryan Whitworth",Risk of Childhood Cancers Associated with Residence in Agriculturally Intense Areas in the United States,2008,Environmental Health Perspectives,http://dx.doi.org/10.1289/ehp.9967,10.1289/ehp.9967,0.75958,0.75874,0.78022,0.7925,0.49048,0.91652,0.47692,0.48884,0.4994,0.4999,0.48702,0.84906,0.49746,0.84906,0.87582,0.86796,0.79746,0.9678,0.481,0.49776,0.97046,0.49996,0.5,0.96174,0.47158,0.97726,0.48984,0.98592,0.97766,0.84834,0.484,0.6450861538461539,0.7128571428571429,0.7166600000000001,0.73355,0.9817899999999999,0.84834,0.65074,0.89908,0.9518,0.9361,0.96686,0.98968,0.84834,0.94326,0.923564,0.997
"Richard A. Posthuma, Michael A. Campion","Age Stereotypes in the Workplace: Common Stereotypes, Moderators, and Future Research Directions†",2007,Journal of Management,http://dx.doi.org/10.1177/0149206308318617,10.1177/0149206308318617,0.99492,0.9948,0.99548,0.996,0.98528,0.3452,0.47692,0.48884,0.4994,0.4999,0.98136,0.99556,0.49746,0.99564,0.9611,0.95572,0.92332,0.46874,0.481,0.49776,0.98826,0.49996,0.5,0.98142,0.97236,0.46002,0.48984,0.99992,0.99972,0.82844,0.9741,0.7501415384615384,0.6842628571428572,0.97689,0.47492999999999996,0.99982,0.82844,0.82004,0.99276,0.91136,0.98808,0.45966,1.0,0.82844,0.9956,0.9234919999999999,0.99696
"M. R. Delgado, D. Hirtz, M. Aisen, S. Ashwal, D. L. Fehlings, J. McLaughlin, L. A. Morrison, M. W. Shrader, A. Tilton, J. Vargus-Adams",Practice Parameter: Pharmacologic treatment of spasticity in children and adolescents with cerebral palsy (an evidence-based review),2010,Neurology,http://dx.doi.org/10.1212/wnl.0b013e3181cbcd2f,10.1212/wnl.0b013e3181cbcd2f,0.97716,0.98356,0.97916,0.98202,0.49048,0.98264,0.47692,0.48884,0.4994,0.4999,0.48702,0.98224,0.49746,0.98216,0.92198,0.92618,0.80024,0.96014,0.96434,0.49776,0.48296,0.49996,0.5,0.47926,0.47158,0.99328,0.48984,0.9954,0.9928,0.82954,0.97746,0.7178307692307692,0.7961199999999999,0.47542,0.74156,0.9941,0.82954,0.6527266666666667,0.98208,0.99128,0.46408,0.97688,0.99684,0.82954,0.95324,0.923087,0.99692
"John B. Goodenough, Youngsik Kim",Challenges for Rechargeable Li Batteries,2009,Chemistry of Materials,http://dx.doi.org/10.1021/cm901452z,10.1021/cm901452z,0.99998,0.99994,0.99998,0.99998,0.49048,0.3452,0.47692,0.48884,0.4994,0.4999,0.99516,0.99994,0.49746,0.99994,0.97994,0.98186,0.95558,0.94462,0.96376,0.49776,0.48296,0.49996,0.5,0.97066,0.96814,0.99862,0.98952,0.45314,0.48278,0.81094,0.9989,0.7148569230769232,0.8322457142857143,0.9694,0.99407,0.46796,0.81094,0.6598733333333334,0.97998,0.99554,0.98186,0.99762,0.4492,0.81094,0.99206,0.9225619999999999,0.99686
"John B. Goodenough, Youngsik Kim",Challenges for Rechargeable Li Batteries,2009,Chemistry of Materials,http://dx.doi.org/10.1021/cm901452z,10.1021/cm901452z,0.99998,0.99994,0.99998,0.99998,0.49048,0.3452,0.47692,0.48884,0.4994,0.4999,0.99516,0.99994,0.49746,0.99994,0.97994,0.98186,0.95558,0.94462,0.96376,0.49776,0.48296,0.49996,0.5,0.97066,0.96814,0.99862,0.98952,0.45314,0.48278,0.81094,0.9989,0.7148569230769232,0.8322457142857143,0.9694,0.99407,0.46796,0.81094,0.6598733333333334,0.97998,0.99554,0.98186,0.99762,0.4492,0.81094,0.99206,0.9225619999999999,0.99686
"Ryan Krause, Matthew Semadeni, Albert A. Cannella",CEO Duality,2013,Journal of Management,http://dx.doi.org/10.1177/0149206313503013,10.1177/0149206313503013,0.99256,0.99732,0.99262,0.9942,0.9903,0.3452,0.47692,0.48884,0.4994,0.4999,0.9896,0.99712,0.49746,0.99716,0.9611,0.93096,0.9231,0.46874,0.96734,0.49776,0.97564,0.49996,0.5,0.97392,0.96304,0.46002,0.48984,0.93826,0.48278,0.88828,0.484,0.7512338461538461,0.7501714285714284,0.96848,0.47492999999999996,0.71052,0.88828,0.6524666666666666,0.99312,0.97268,0.98164,0.45966,0.9257,0.88828,0.95196,0.9225400000000001,0.9968
"Nathaniel M. Lambert, Tyler F. Stillman, Joshua A. Hicks, Shanmukh Kamble, Roy F. Baumeister, Frank D. Fincham",To Belong Is to Matter,2013,Personality and Social Psychology Bulletin,http://dx.doi.org/10.1177/0146167213499186,10.1177/0146167213499186,0.99496,0.99764,0.99448,0.96822,0.49048,0.9908,0.47692,0.48884,0.4994,0.4999,0.48702,0.99736,0.49746,0.9974,0.97818,0.97992,0.9696,0.97896,0.98344,0.49776,0.99024,0.49996,0.5,0.99308,0.994,0.46002,0.48984,0.98556,0.98568,0.73218,0.484,0.7219938461538462,0.8414371428571428,0.99354,0.47492999999999996,0.9856199999999999,0.73218,0.6573333333333333,0.98456,0.99728,0.99506,0.45966,0.99178,0.73218,0.97878,0.9222059999999999,0.99676
"Clemens Scott Kruse, Priyanka Karem, Kelli Shifflett, Lokesh Vegi, Karuna Ravi, Matthew Brooks",Evaluating barriers to adopting telemedicine worldwide: A systematic review,2016,Journal of Telemedicine and Telecare,http://dx.doi.org/10.1177/1357633x16674087,10.1177/1357633x16674087,0.99948,0.9996,0.9994,0.9996,0.49048,1.0,0.47692,0.48884,0.4994,0.4999,0.48702,0.99964,0.49746,0.99964,0.97918,0.98136,0.97512,0.46874,0.481,0.49776,0.99298,0.49996,0.5,0.98938,0.9751,0.46002,0.48984,0.99968,0.99956,0.79716,0.9856,0.7259923076923076,0.6979085714285713,0.98224,0.47492999999999996,0.99962,0.79716,0.8254466666666667,0.9868,0.93424,0.99088,0.45966,0.99992,0.79716,0.99776,0.9216160000000001,0.99672
"Elizabeth A. Vandewater, David S. Bickham, June H. Lee",Time Well Spent? Relating Television Use to Children's Free-Time Activities,2006,Pediatrics,http://dx.doi.org/10.1542/peds.2005-0812,10.1542/peds.2005-0812,0.94414,0.91348,0.9539,0.95408,0.99262,0.9659,0.47692,0.48884,0.4994,0.4999,0.48702,0.93816,0.49746,0.93832,0.9406,0.94574,0.79514,0.94616,0.481,0.49776,0.97854,0.49996,0.5,0.99272,0.9944,0.46002,0.48984,0.98852,0.97462,0.75562,0.484,0.738923076923077,0.7298,0.99356,0.47492999999999996,0.98157,0.75562,0.6534333333333333,0.99004,0.96112,0.99512,0.45966,0.98952,0.75562,0.9563,0.921158,0.99668
"Patricia S. McManus, Virginia O. Stockwell, George W. Sundin, Alan L. Jones",A<scp>NTIBIOTIC</scp> U<scp>SE IN</scp> P<scp>LANT</scp> A<scp>GRICULTURE</scp>,2002,Annual Review of Phytopathology,http://dx.doi.org/10.1146/annurev.phyto.40.120301.093927,10.1146/annurev.phyto.40.120301.093927,0.99188,0.98556,0.99164,0.99012,0.49048,0.99196,0.47692,0.48884,0.4994,0.4999,0.48702,0.98752,0.49746,0.98748,0.9272,0.93096,0.83264,0.938,0.481,0.49776,0.48296,0.49996,0.5,0.47926,0.47158,0.99308,0.99278,0.9734,0.99834,0.78698,0.98146,0.7210999999999999,0.7299657142857142,0.47542,0.99293,0.98587,0.78698,0.65406,0.98372,0.9612,0.46408,0.997,0.99188,0.78698,0.96072,0.9206610000000001,0.99664
"Mark A. Fonstad, James T. Dietrich, Brittany C. Courville, Jennifer L. Jensen, Patrice E. Carbonneau",Topographic structure from motion: a new development in photogrammetric measurement,2013,Earth Surface Processes and Landforms,http://dx.doi.org/10.1002/esp.3366,10.1002/esp.3366,0.99848,0.999,0.99836,0.9988,0.49048,0.3452,0.96034,0.48884,0.4994,0.4999,0.997,0.99912,0.49746,0.99912,0.90738,0.91426,0.8697,0.94162,0.481,0.49776,0.48296,0.49996,0.5,0.9834,0.97836,0.46002,0.48984,0.99764,0.98568,0.68606,0.99008,0.7517707692307691,0.7305599999999999,0.98088,0.47492999999999996,0.99166,0.68606,0.6569333333333334,0.99332,0.96136,0.99014,0.45966,0.99542,0.68606,0.976,0.9204209999999999,0.9966
"Gray Pearson, Fred Robinson, Tara Beers Gibson, Bing-e Xu, Mahesh Karandikar, Kevin Berman, Melanie H. Cobb",Mitogen-Activated Protein (MAP) Kinase Pathways: Regulation and Physiological Functions*,2001,Endocrine Reviews,http://dx.doi.org/10.1210/edrv.22.2.0428,10.1210/edrv.22.2.0428,0.97126,0.99808,0.99956,0.99728,0.49048,0.99996,0.47692,0.48884,0.4994,0.4999,0.99932,0.99574,0.49746,0.9872,0.8951,0.89904,0.79062,0.46874,0.481,0.49776,0.97474,0.49996,0.5,0.95912,0.95168,0.96712,0.9924,0.45314,0.48278,0.9024,0.99724,0.7638569230769231,0.64778,0.9554,0.97976,0.46796,0.9024,0.8232466666666668,0.99676,0.85604,0.97512,0.98912,0.4492,0.9024,0.99696,0.9202960000000001,0.99656
"Meryl D. Stoller, Sungjin Park, Yanwu Zhu, Jinho An, Rodney S. Ruoff",Graphene-Based Ultracapacitors,2008,Nano Letters,http://dx.doi.org/10.1021/nl802558y,10.1021/nl802558y,0.99992,0.99972,0.99992,0.99992,0.49048,0.99928,0.47692,0.48884,0.4994,0.4999,0.99828,0.99976,0.99826,0.99976,0.9777,0.9816,0.79746,0.46874,0.481,0.49776,0.48296,0.49996,0.5,0.97426,0.47158,0.99972,0.99954,0.45314,0.48278,0.8408,0.99036,0.80388,0.6723514285714286,0.72292,0.99963,0.46796,0.8408,0.6570266666666668,0.99976,0.897,0.9476,0.99996,0.4492,0.8408,0.97788,0.9201899999999998,0.99652
"Erik M Quandt, Jimmy Gollihar, Zachary D Blount, Andrew D Ellington, George Georgiou, Jeffrey E Barrick",Fine-tuning citrate synthase flux potentiates and refines metabolic innovation in the Lenski evolution experiment,2015,eLife,http://dx.doi.org/10.7554/elife.09696,10.7554/elife.09696,0.94948,0.94306,0.92404,0.95096,0.49048,0.98126,0.47692,0.48884,0.4994,0.4999,0.48702,0.95634,0.49746,0.95638,0.98544,0.9828,0.9821,0.46874,0.99238,0.49776,0.9919,0.49996,0.5,0.96768,0.96596,0.95446,0.99464,0.45314,0.48278,0.8673,0.9921,0.7040046153846153,0.77306,0.96682,0.97455,0.46796,0.8673,0.8272533333333333,0.97072,0.98556,0.98038,0.98724,0.4492,0.8673,0.99832,0.9188789999999999,0.99648
"Molly E. Ireland, Richard B. Slatcher, Paul W. Eastwick, Lauren E. Scissors, Eli J. Finkel, James W. Pennebaker",Language Style Matching Predicts Relationship Initiation and Stability,2010,Psychological Science,http://dx.doi.org/10.1177/0956797610392928,10.1177/0956797610392928,0.98116,0.99116,0.98704,0.97084,0.99744,0.9733,0.47692,0.48884,0.4994,0.4999,0.99564,0.99224,0.49746,0.99224,0.96346,0.96038,0.90996,0.46874,0.481,0.49776,0.99054,0.49996,0.5,0.99172,0.96548,0.46002,0.48984,0.9714,0.48278,0.75452,0.9876,0.7971092307692308,0.6833571428571429,0.9786,0.47492999999999996,0.72709,0.75452,0.8253,0.99924,0.9105,0.98864,0.45966,0.95762,0.75452,0.99766,0.9188710000000001,0.99644
"Gita Suneja, Meredith S. Shiels, Rory Angulo, Glenn E. Copeland, Lou Gonsalves, Anne M. Hakenewerth, Kathryn E. Macomber, Sharon K. Melville, Eric A. Engels",Cancer Treatment Disparities in HIV-Infected Individuals in the United States,2014,Journal of Clinical Oncology,http://dx.doi.org/10.1200/jco.2013.54.8644,10.1200/jco.2013.54.8644,0.9611,0.88338,0.95604,0.95742,0.49048,0.99032,0.47692,0.48884,0.4994,0.4999,0.48702,0.91702,0.49746,0.91724,0.96334,0.96602,0.9486,0.46874,0.9694,0.49776,0.97718,0.49996,0.5,0.99112,0.97786,0.46002,0.48984,0.98102,0.48278,0.98576,0.484,0.6970338461538461,0.7594371428571428,0.98449,0.47492999999999996,0.7319,0.98576,0.65298,0.96492,0.97804,0.99192,0.45966,0.964,0.98576,0.95446,0.918833,0.9964
"Eve-Isabelle Pécheur, Viktoriya Borisevich, Peter Halfmann, John D. Morrey, Donald F. Smee, Mark Prichard, Chad E. Mire, Yoshihiro Kawaoka, Thomas W. Geisbert, Stephen J. Polyak",The Synthetic Antiviral Drug Arbidol Inhibits Globally Prevalent Pathogenic Viruses,2016,Journal of Virology,http://dx.doi.org/10.1128/jvi.02077-15,10.1128/jvi.02077-15,0.97836,0.96074,0.97746,0.97478,0.49048,0.98756,0.47692,0.48884,0.4994,0.4999,0.48702,0.97088,0.49746,0.97088,0.9723,0.9742,0.96866,0.98668,0.97554,0.49776,0.98924,0.49996,0.5,0.9778,0.95768,0.46002,0.48984,0.952,0.48278,0.81574,0.99866,0.7140246153846153,0.8396199999999999,0.96774,0.47492999999999996,0.71739,0.81574,0.8285533333333334,0.97936,0.99692,0.98122,0.45966,0.94096,0.81574,0.99852,0.918269,0.99636
"Hendrik Luesch, Richard E. Moore, Valerie J. Paul, Susan L. Mooberry, Thomas H. Corbett",Isolation of Dolastatin 10 from the Marine Cyanobacterium <i>Symploca</i> Species VP642 and Total Stereochemistry and Biological Evaluation of Its Analogue Symplostatin 1,2001,Journal of Natural Products,http://dx.doi.org/10.1021/np010049y,10.1021/np010049y,0.97126,0.90864,0.97424,0.9756,0.49048,0.97852,0.47692,0.48884,0.4994,0.4999,0.48702,0.93344,0.49746,0.93364,0.79788,0.80306,0.39468,0.46874,0.481,0.49776,0.96644,0.49996,0.5,0.95912,0.47158,0.94644,0.98168,0.90942,0.48278,0.53154,0.96916,0.7033923076923077,0.5636171428571429,0.7153499999999999,0.9640599999999999,0.6960999999999999,0.53154,0.81112,0.97016,0.74564,0.93362,0.9832,0.90072,0.53154,0.99328,0.917639,0.99632
"Rosa Lapalombella, Qingxiang Sun, Katie Williams, Larissa Tangeman, Shruti Jha, Yiming Zhong, Virginia Goettl, Emilia Mahoney, Caroline Berglund, Sneha Gupta, Alicia Farmer, Rajeswaran Mani, Amy J. Johnson, David Lucas, Xiaokui Mo, Dirk Daelemans, Vincent Sandanayaka, Sharon Shechter, Dilara McCauley, Sharon Shacham, Michael Kauffman, Yuh Min Chook, John C. Byrd",Selective inhibitors of nuclear export show that CRM1/XPO1 is a target in chronic lymphocytic leukemia,2012,Blood,http://dx.doi.org/10.1182/blood-2012-05-429506,10.1182/blood-2012-05-429506,0.9852,0.93984,0.98536,0.97132,0.49048,0.99762,0.47692,0.48884,0.4994,0.4999,0.48702,0.9544,0.49746,0.95432,0.96458,0.96942,0.8065,0.94092,0.481,0.49776,0.97416,0.49996,0.5,0.47926,0.96724,0.99904,0.48984,0.45314,0.48278,0.9451,0.484,0.7109907692307691,0.7374828571428571,0.72325,0.74444,0.46796,0.9451,0.6519733333333333,0.977,0.96532,0.9481,0.97992,0.4492,0.9451,0.95006,0.917512,0.99628
"Rohan Maddamsetti, Richard E Lenski, Jeffrey E Barrick","Adaptation, Clonal Interference, and Frequency-Dependent Interactions in a Long-Term Evolution Experiment with<i>Escherichia coli</i>",2015,Genetics,http://dx.doi.org/10.1534/genetics.115.176677,10.1534/genetics.115.176677,0.9774,0.98524,0.96154,0.98054,0.49048,0.99324,0.47692,0.48884,0.4994,0.4999,0.48702,0.98732,0.49746,0.98724,0.99096,0.99192,0.99188,0.96336,0.98676,0.49776,0.9919,0.49996,0.5,0.97642,0.96596,0.95446,0.48984,0.45314,0.48278,0.7666,0.984,0.7180876923076922,0.8464057142857142,0.97119,0.72215,0.46796,0.7666,0.8245533333333332,0.98226,0.9983,0.9834,0.94822,0.4492,0.7666,0.99736,0.9172399999999999,0.99624
"Jeffrey J. Walline, Maria K. Walker, Donald O. Mutti, Lisa A. Jones-Jordan, Loraine T. Sinnott, Amber Gaume Giannoni, Katherine M. Bickle, Krystal L. Schulle, Alex Nixon, Gilbert E. Pierce, David A. Berntsen","Effect of High Add Power, Medium Add Power, or Single-Vision Contact Lenses on Myopia Progression in Children",2020,JAMA,http://dx.doi.org/10.1001/jama.2020.10834,10.1001/jama.2020.10834,0.996,0.99592,0.99528,0.37966,0.49048,0.99884,0.47692,0.48884,0.4994,0.4999,0.48702,0.99684,0.49746,0.99688,0.99716,0.99688,0.99152,0.9803,0.99754,0.49776,0.99972,0.49996,0.5,0.99884,0.99834,0.46002,0.48984,0.97592,0.99774,0.99924,0.484,0.6771876923076922,0.8519085714285713,0.99859,0.47492999999999996,0.98683,0.99924,0.6604933333333333,0.9448,0.9992,0.99884,0.45966,0.9925,0.99924,0.99296,0.9170300000000001,0.9962
"Justin D. Holmes, Keith P. Johnston, R. Christopher Doty, Brian A. Korgel",Control of Thickness and Orientation of Solution-Grown Silicon Nanowires,2000,Science,http://dx.doi.org/10.1126/science.287.5457.1471,10.1126/science.287.5457.1471,0.99728,0.9558,0.99756,0.99796,0.49048,0.93546,0.47692,0.48884,0.4994,0.4999,0.98806,0.96552,0.49746,0.96572,0.98676,0.98908,0.39468,0.46874,0.481,0.49776,0.48296,0.49996,0.5,0.95868,0.95102,0.99992,0.99194,0.45314,0.48278,0.94884,0.98912,0.7506984615384614,0.6171742857142857,0.95485,0.99593,0.46796,0.94884,0.6566133333333334,0.99296,0.81092,0.97478,0.9986,0.4492,0.94884,0.97522,0.9160329999999999,0.99616
"Zhenmei Zhang, Mark D. Hayward, Yan-Liang Yu",Life Course Pathways to Racial Disparities in Cognitive Impairment among Older Americans,2016,Journal of Health and Social Behavior,http://dx.doi.org/10.1177/0022146516645925,10.1177/0022146516645925,0.9795,0.97756,0.97808,0.95288,0.49048,0.99044,0.47692,0.48884,0.4994,0.4999,0.48702,0.98162,0.49746,0.98146,0.95136,0.9442,0.93214,0.46874,0.481,0.49776,0.98924,0.49996,0.5,0.9845,0.95768,0.46002,0.48984,0.9908,0.48278,0.87896,0.484,0.7155430769230768,0.6824857142857143,0.97109,0.47492999999999996,0.7367900000000001,0.87896,0.657,0.98044,0.90892,0.98316,0.45966,0.96948,0.87896,0.977,0.9151399999999998,0.99612
"Wendy R. Boswell, Julie B. Olson-Buchanan",The Use of Communication Technologies After Hours: The Role of Work Attitudes and Work-Life Conflict,2007,Journal of Management,http://dx.doi.org/10.1177/0149206307302552,10.1177/0149206307302552,0.98508,0.99208,0.98916,0.98556,0.99644,0.3452,0.47692,0.48884,0.4994,0.4999,0.48702,0.99324,0.49746,0.99324,0.896,0.89568,0.79628,0.46874,0.96318,0.49776,0.96956,0.49996,0.5,0.98358,0.97134,0.46002,0.48984,0.96456,0.48278,0.82844,0.98472,0.7111123076923077,0.7171199999999999,0.97746,0.47492999999999996,0.72367,0.82844,0.8173466666666668,0.97716,0.95376,0.98828,0.45966,0.95192,0.82844,0.9948,0.9151039999999999,0.99608
"Xianjun Zhu, Yanwu Zhu, Shanthi Murali, Meryl D. Stoller, Rodney S. Ruoff",Nanostructured Reduced Graphene Oxide/Fe<sub>2</sub>O<sub>3</sub> Composite As a High-Performance Anode Material for Lithium Ion Batteries,2011,ACS Nano,http://dx.doi.org/10.1021/nn200493r,10.1021/nn200493r,0.99904,0.99352,0.99896,0.99924,0.49048,0.97034,0.47692,0.48884,0.4994,0.4999,0.48702,0.99444,0.49746,0.9945,0.95352,0.9596,0.39468,0.95768,0.481,0.49776,0.97312,0.49996,0.5,0.96352,0.47158,0.99844,0.99118,0.45314,0.48278,0.92242,0.484,0.7223861538461538,0.6780628571428571,0.71755,0.99481,0.46796,0.92242,0.6516266666666667,0.98476,0.90244,0.93854,0.99804,0.4492,0.92242,0.94814,0.9147299999999999,0.99604
